index	epoch	batch	loss
0-0	0	0	6.2188966712173155
0-10	0	10	5.828595891290782
0-20	0	20	5.346823984262895
0-30	0	30	5.133557465611672
1-0	1	0	5.12534221337766
1-10	1	10	4.942663294928415
1-20	1	20	4.869172826105235
1-30	1	30	4.971490529118752
