index	epoch	batch	loss
0-0	0	0	5.254626400616704
0-10	0	10	4.889495270592826
0-20	0	20	4.628593318316401
0-30	0	30	4.390149330606266
1-0	1	0	4.31857494432099
1-10	1	10	4.369287578427062
1-20	1	20	4.2061062415643615
1-30	1	30	4.53366578841696
2-0	2	0	4.500956379637426
2-10	2	10	4.475196526975048
2-20	2	20	4.244422036774305
2-30	2	30	4.31886979511806
3-0	3	0	4.386859626186137
3-10	3	10	4.349428872672879
3-20	3	20	4.2640140689149195
3-30	3	30	3.8201338660960293
