index	epoch	batch	loss
0-0	0	0	6.296300343104771
0-10	0	10	5.959388363118074
0-20	0	20	5.499068201804648
0-30	0	30	5.411226467210419
1-0	1	0	5.508916222319311
1-10	1	10	5.467965962935467
1-20	1	20	5.570323068268445
1-30	1	30	5.831120607804279
2-0	2	0	5.766534805297852
2-10	2	10	5.716192868291115
2-20	2	20	5.6354201180594305
2-30	2	30	5.559545478042291
